Date,Year,Month Number,Month Name,Quarter,Day
2021-06-11,2021,6,June,2021Q2,11
2021-06-14,2021,6,June,2021Q2,14
2021-06-15,2021,6,June,2021Q2,15
2021-06-16,2021,6,June,2021Q2,16
2021-06-17,2021,6,June,2021Q2,17
2021-06-18,2021,6,June,2021Q2,18
2021-06-21,2021,6,June,2021Q2,21
2021-06-22,2021,6,June,2021Q2,22
2021-06-23,2021,6,June,2021Q2,23
2021-06-24,2021,6,June,2021Q2,24
2021-06-25,2021,6,June,2021Q2,25
2021-06-28,2021,6,June,2021Q2,28
2021-06-29,2021,6,June,2021Q2,29
2021-06-30,2021,6,June,2021Q2,30
2021-07-01,2021,7,July,2021Q3,1
2021-07-02,2021,7,July,2021Q3,2
2021-07-06,2021,7,July,2021Q3,6
2021-07-07,2021,7,July,2021Q3,7
2021-07-08,2021,7,July,2021Q3,8
2021-07-09,2021,7,July,2021Q3,9
2021-07-12,2021,7,July,2021Q3,12
2021-07-13,2021,7,July,2021Q3,13
2021-07-14,2021,7,July,2021Q3,14
2021-07-15,2021,7,July,2021Q3,15
2021-07-16,2021,7,July,2021Q3,16
2021-07-19,2021,7,July,2021Q3,19
2021-07-20,2021,7,July,2021Q3,20
2021-07-21,2021,7,July,2021Q3,21
2021-07-22,2021,7,July,2021Q3,22
2021-07-23,2021,7,July,2021Q3,23
2021-07-26,2021,7,July,2021Q3,26
2021-07-27,2021,7,July,2021Q3,27
2021-07-28,2021,7,July,2021Q3,28
2021-07-29,2021,7,July,2021Q3,29
2021-07-30,2021,7,July,2021Q3,30
2021-08-02,2021,8,August,2021Q3,2
2021-08-03,2021,8,August,2021Q3,3
2021-08-04,2021,8,August,2021Q3,4
2021-08-05,2021,8,August,2021Q3,5
2021-08-06,2021,8,August,2021Q3,6
2021-08-09,2021,8,August,2021Q3,9
2021-08-10,2021,8,August,2021Q3,10
2021-08-11,2021,8,August,2021Q3,11
2021-08-12,2021,8,August,2021Q3,12
2021-08-13,2021,8,August,2021Q3,13
2021-08-16,2021,8,August,2021Q3,16
2021-08-17,2021,8,August,2021Q3,17
2021-08-18,2021,8,August,2021Q3,18
2021-08-19,2021,8,August,2021Q3,19
2021-08-20,2021,8,August,2021Q3,20
2021-08-23,2021,8,August,2021Q3,23
2021-08-24,2021,8,August,2021Q3,24
2021-08-25,2021,8,August,2021Q3,25
2021-08-26,2021,8,August,2021Q3,26
2021-08-27,2021,8,August,2021Q3,27
2021-08-30,2021,8,August,2021Q3,30
2021-08-31,2021,8,August,2021Q3,31
2021-09-01,2021,9,September,2021Q3,1
2021-09-02,2021,9,September,2021Q3,2
2021-09-03,2021,9,September,2021Q3,3
2021-09-07,2021,9,September,2021Q3,7
2021-09-08,2021,9,September,2021Q3,8
2021-09-09,2021,9,September,2021Q3,9
2021-09-10,2021,9,September,2021Q3,10
2021-09-13,2021,9,September,2021Q3,13
2021-09-14,2021,9,September,2021Q3,14
2021-09-15,2021,9,September,2021Q3,15
2021-09-16,2021,9,September,2021Q3,16
2021-09-17,2021,9,September,2021Q3,17
2021-09-20,2021,9,September,2021Q3,20
2021-09-21,2021,9,September,2021Q3,21
2021-09-22,2021,9,September,2021Q3,22
2021-09-23,2021,9,September,2021Q3,23
2021-09-24,2021,9,September,2021Q3,24
2021-09-27,2021,9,September,2021Q3,27
2021-09-28,2021,9,September,2021Q3,28
2021-09-29,2021,9,September,2021Q3,29
2021-09-30,2021,9,September,2021Q3,30
2021-10-01,2021,10,October,2021Q4,1
2021-10-04,2021,10,October,2021Q4,4
2021-10-05,2021,10,October,2021Q4,5
2021-10-06,2021,10,October,2021Q4,6
2021-10-07,2021,10,October,2021Q4,7
2021-10-08,2021,10,October,2021Q4,8
2021-10-11,2021,10,October,2021Q4,11
2021-10-12,2021,10,October,2021Q4,12
2021-10-13,2021,10,October,2021Q4,13
2021-10-14,2021,10,October,2021Q4,14
2021-10-15,2021,10,October,2021Q4,15
2021-10-18,2021,10,October,2021Q4,18
2021-10-19,2021,10,October,2021Q4,19
2021-10-20,2021,10,October,2021Q4,20
2021-10-21,2021,10,October,2021Q4,21
2021-10-22,2021,10,October,2021Q4,22
2021-10-25,2021,10,October,2021Q4,25
2021-10-26,2021,10,October,2021Q4,26
2021-10-27,2021,10,October,2021Q4,27
2021-10-28,2021,10,October,2021Q4,28
2021-10-29,2021,10,October,2021Q4,29
2021-11-01,2021,11,November,2021Q4,1
2021-11-02,2021,11,November,2021Q4,2
2021-11-03,2021,11,November,2021Q4,3
2021-11-04,2021,11,November,2021Q4,4
2021-11-05,2021,11,November,2021Q4,5
2021-11-08,2021,11,November,2021Q4,8
2021-11-09,2021,11,November,2021Q4,9
2021-11-10,2021,11,November,2021Q4,10
2021-11-11,2021,11,November,2021Q4,11
2021-11-12,2021,11,November,2021Q4,12
2021-11-15,2021,11,November,2021Q4,15
2021-11-16,2021,11,November,2021Q4,16
2021-11-17,2021,11,November,2021Q4,17
2021-11-18,2021,11,November,2021Q4,18
2021-11-19,2021,11,November,2021Q4,19
2021-11-22,2021,11,November,2021Q4,22
2021-11-23,2021,11,November,2021Q4,23
2021-11-24,2021,11,November,2021Q4,24
2021-11-26,2021,11,November,2021Q4,26
2021-11-29,2021,11,November,2021Q4,29
2021-11-30,2021,11,November,2021Q4,30
2021-12-01,2021,12,December,2021Q4,1
2021-12-02,2021,12,December,2021Q4,2
2021-12-03,2021,12,December,2021Q4,3
2021-12-06,2021,12,December,2021Q4,6
2021-12-07,2021,12,December,2021Q4,7
2021-12-08,2021,12,December,2021Q4,8
2021-12-09,2021,12,December,2021Q4,9
2021-12-10,2021,12,December,2021Q4,10
2021-12-13,2021,12,December,2021Q4,13
2021-12-14,2021,12,December,2021Q4,14
2021-12-15,2021,12,December,2021Q4,15
2021-12-16,2021,12,December,2021Q4,16
2021-12-17,2021,12,December,2021Q4,17
2021-12-20,2021,12,December,2021Q4,20
2021-12-21,2021,12,December,2021Q4,21
2021-12-22,2021,12,December,2021Q4,22
2021-12-23,2021,12,December,2021Q4,23
2021-12-27,2021,12,December,2021Q4,27
2021-12-28,2021,12,December,2021Q4,28
2021-12-29,2021,12,December,2021Q4,29
2021-12-30,2021,12,December,2021Q4,30
2021-12-31,2021,12,December,2021Q4,31
2022-01-03,2022,1,January,2022Q1,3
2022-01-04,2022,1,January,2022Q1,4
2022-01-05,2022,1,January,2022Q1,5
2022-01-06,2022,1,January,2022Q1,6
2022-01-07,2022,1,January,2022Q1,7
2022-01-10,2022,1,January,2022Q1,10
2022-01-11,2022,1,January,2022Q1,11
2022-01-12,2022,1,January,2022Q1,12
2022-01-13,2022,1,January,2022Q1,13
2022-01-14,2022,1,January,2022Q1,14
2022-01-18,2022,1,January,2022Q1,18
2022-01-19,2022,1,January,2022Q1,19
2022-01-20,2022,1,January,2022Q1,20
2022-01-21,2022,1,January,2022Q1,21
2022-01-24,2022,1,January,2022Q1,24
2022-01-25,2022,1,January,2022Q1,25
2022-01-26,2022,1,January,2022Q1,26
2022-01-27,2022,1,January,2022Q1,27
2022-01-28,2022,1,January,2022Q1,28
2022-01-31,2022,1,January,2022Q1,31
2022-02-01,2022,2,February,2022Q1,1
2022-02-02,2022,2,February,2022Q1,2
2022-02-03,2022,2,February,2022Q1,3
2022-02-04,2022,2,February,2022Q1,4
2022-02-07,2022,2,February,2022Q1,7
2022-02-08,2022,2,February,2022Q1,8
2022-02-09,2022,2,February,2022Q1,9
2022-02-10,2022,2,February,2022Q1,10
2022-02-11,2022,2,February,2022Q1,11
2022-02-14,2022,2,February,2022Q1,14
2022-02-15,2022,2,February,2022Q1,15
2022-02-16,2022,2,February,2022Q1,16
2022-02-17,2022,2,February,2022Q1,17
2022-02-18,2022,2,February,2022Q1,18
2022-02-22,2022,2,February,2022Q1,22
2022-02-23,2022,2,February,2022Q1,23
2022-02-24,2022,2,February,2022Q1,24
2022-02-25,2022,2,February,2022Q1,25
2022-02-28,2022,2,February,2022Q1,28
2022-03-01,2022,3,March,2022Q1,1
2022-03-02,2022,3,March,2022Q1,2
2022-03-03,2022,3,March,2022Q1,3
2022-03-04,2022,3,March,2022Q1,4
2022-03-07,2022,3,March,2022Q1,7
2022-03-08,2022,3,March,2022Q1,8
2022-03-09,2022,3,March,2022Q1,9
2022-03-10,2022,3,March,2022Q1,10
2022-03-11,2022,3,March,2022Q1,11
2022-03-14,2022,3,March,2022Q1,14
2022-03-15,2022,3,March,2022Q1,15
2022-03-16,2022,3,March,2022Q1,16
2022-03-17,2022,3,March,2022Q1,17
2022-03-18,2022,3,March,2022Q1,18
2022-03-21,2022,3,March,2022Q1,21
2022-03-22,2022,3,March,2022Q1,22
2022-03-23,2022,3,March,2022Q1,23
2022-03-24,2022,3,March,2022Q1,24
2022-03-25,2022,3,March,2022Q1,25
2022-03-28,2022,3,March,2022Q1,28
2022-03-29,2022,3,March,2022Q1,29
2022-03-30,2022,3,March,2022Q1,30
2022-03-31,2022,3,March,2022Q1,31
2022-04-01,2022,4,April,2022Q2,1
2022-04-04,2022,4,April,2022Q2,4
2022-04-05,2022,4,April,2022Q2,5
2022-04-06,2022,4,April,2022Q2,6
2022-04-07,2022,4,April,2022Q2,7
2022-04-08,2022,4,April,2022Q2,8
2022-04-11,2022,4,April,2022Q2,11
2022-04-12,2022,4,April,2022Q2,12
2022-04-13,2022,4,April,2022Q2,13
2022-04-14,2022,4,April,2022Q2,14
2022-04-18,2022,4,April,2022Q2,18
2022-04-19,2022,4,April,2022Q2,19
2022-04-20,2022,4,April,2022Q2,20
2022-04-21,2022,4,April,2022Q2,21
2022-04-22,2022,4,April,2022Q2,22
2022-04-25,2022,4,April,2022Q2,25
2022-04-26,2022,4,April,2022Q2,26
2022-04-27,2022,4,April,2022Q2,27
2022-04-28,2022,4,April,2022Q2,28
2022-04-29,2022,4,April,2022Q2,29
2022-05-02,2022,5,May,2022Q2,2
2022-05-03,2022,5,May,2022Q2,3
2022-05-04,2022,5,May,2022Q2,4
2022-05-05,2022,5,May,2022Q2,5
2022-05-06,2022,5,May,2022Q2,6
2022-05-09,2022,5,May,2022Q2,9
2022-05-10,2022,5,May,2022Q2,10
2022-05-11,2022,5,May,2022Q2,11
2022-05-12,2022,5,May,2022Q2,12
2022-05-13,2022,5,May,2022Q2,13
2022-05-16,2022,5,May,2022Q2,16
2022-05-17,2022,5,May,2022Q2,17
2022-05-18,2022,5,May,2022Q2,18
2022-05-19,2022,5,May,2022Q2,19
2022-05-20,2022,5,May,2022Q2,20
2022-05-23,2022,5,May,2022Q2,23
2022-05-24,2022,5,May,2022Q2,24
2022-05-25,2022,5,May,2022Q2,25
2022-05-26,2022,5,May,2022Q2,26
2022-05-27,2022,5,May,2022Q2,27
2022-05-31,2022,5,May,2022Q2,31
2022-06-01,2022,6,June,2022Q2,1
2022-06-02,2022,6,June,2022Q2,2
2022-06-03,2022,6,June,2022Q2,3
2022-06-06,2022,6,June,2022Q2,6
2022-06-07,2022,6,June,2022Q2,7
2022-06-08,2022,6,June,2022Q2,8
2022-06-09,2022,6,June,2022Q2,9
2022-06-10,2022,6,June,2022Q2,10
2022-06-13,2022,6,June,2022Q2,13
2022-06-14,2022,6,June,2022Q2,14
2022-06-15,2022,6,June,2022Q2,15
2022-06-16,2022,6,June,2022Q2,16
2022-06-17,2022,6,June,2022Q2,17
2022-06-21,2022,6,June,2022Q2,21
2022-06-22,2022,6,June,2022Q2,22
2022-06-23,2022,6,June,2022Q2,23
2022-06-24,2022,6,June,2022Q2,24
2022-06-27,2022,6,June,2022Q2,27
2022-06-28,2022,6,June,2022Q2,28
2022-06-29,2022,6,June,2022Q2,29
2022-06-30,2022,6,June,2022Q2,30
2022-07-01,2022,7,July,2022Q3,1
2022-07-05,2022,7,July,2022Q3,5
2022-07-06,2022,7,July,2022Q3,6
2022-07-07,2022,7,July,2022Q3,7
2022-07-08,2022,7,July,2022Q3,8
2022-07-11,2022,7,July,2022Q3,11
2022-07-12,2022,7,July,2022Q3,12
2022-07-13,2022,7,July,2022Q3,13
2022-07-14,2022,7,July,2022Q3,14
2022-07-15,2022,7,July,2022Q3,15
2022-07-18,2022,7,July,2022Q3,18
2022-07-19,2022,7,July,2022Q3,19
2022-07-20,2022,7,July,2022Q3,20
2022-07-21,2022,7,July,2022Q3,21
2022-07-22,2022,7,July,2022Q3,22
2022-07-25,2022,7,July,2022Q3,25
2022-07-26,2022,7,July,2022Q3,26
2022-07-27,2022,7,July,2022Q3,27
2022-07-28,2022,7,July,2022Q3,28
2022-07-29,2022,7,July,2022Q3,29
2022-08-01,2022,8,August,2022Q3,1
2022-08-02,2022,8,August,2022Q3,2
2022-08-03,2022,8,August,2022Q3,3
2022-08-04,2022,8,August,2022Q3,4
2022-08-05,2022,8,August,2022Q3,5
2022-08-08,2022,8,August,2022Q3,8
2022-08-09,2022,8,August,2022Q3,9
2022-08-10,2022,8,August,2022Q3,10
2022-08-11,2022,8,August,2022Q3,11
2022-08-12,2022,8,August,2022Q3,12
2022-08-15,2022,8,August,2022Q3,15
2022-08-16,2022,8,August,2022Q3,16
2022-08-17,2022,8,August,2022Q3,17
2022-08-18,2022,8,August,2022Q3,18
2022-08-19,2022,8,August,2022Q3,19
2022-08-22,2022,8,August,2022Q3,22
2022-08-23,2022,8,August,2022Q3,23
2022-08-24,2022,8,August,2022Q3,24
2022-08-25,2022,8,August,2022Q3,25
2022-08-26,2022,8,August,2022Q3,26
2022-08-29,2022,8,August,2022Q3,29
2022-08-30,2022,8,August,2022Q3,30
2022-08-31,2022,8,August,2022Q3,31
2022-09-01,2022,9,September,2022Q3,1
2022-09-02,2022,9,September,2022Q3,2
2022-09-06,2022,9,September,2022Q3,6
2022-09-07,2022,9,September,2022Q3,7
2022-09-08,2022,9,September,2022Q3,8
2022-09-09,2022,9,September,2022Q3,9
2022-09-12,2022,9,September,2022Q3,12
2022-09-13,2022,9,September,2022Q3,13
2022-09-14,2022,9,September,2022Q3,14
2022-09-15,2022,9,September,2022Q3,15
2022-09-16,2022,9,September,2022Q3,16
2022-09-19,2022,9,September,2022Q3,19
2022-09-20,2022,9,September,2022Q3,20
2022-09-21,2022,9,September,2022Q3,21
2022-09-22,2022,9,September,2022Q3,22
2022-09-23,2022,9,September,2022Q3,23
2022-09-26,2022,9,September,2022Q3,26
2022-09-27,2022,9,September,2022Q3,27
2022-09-28,2022,9,September,2022Q3,28
2022-09-29,2022,9,September,2022Q3,29
2022-09-30,2022,9,September,2022Q3,30
2022-10-03,2022,10,October,2022Q4,3
2022-10-04,2022,10,October,2022Q4,4
2022-10-05,2022,10,October,2022Q4,5
2022-10-06,2022,10,October,2022Q4,6
2022-10-07,2022,10,October,2022Q4,7
2022-10-10,2022,10,October,2022Q4,10
2022-10-11,2022,10,October,2022Q4,11
2022-10-12,2022,10,October,2022Q4,12
2022-10-13,2022,10,October,2022Q4,13
2022-10-14,2022,10,October,2022Q4,14
2022-10-17,2022,10,October,2022Q4,17
2022-10-18,2022,10,October,2022Q4,18
2022-10-19,2022,10,October,2022Q4,19
2022-10-20,2022,10,October,2022Q4,20
2022-10-21,2022,10,October,2022Q4,21
2022-10-24,2022,10,October,2022Q4,24
2022-10-25,2022,10,October,2022Q4,25
2022-10-26,2022,10,October,2022Q4,26
2022-10-27,2022,10,October,2022Q4,27
2022-10-28,2022,10,October,2022Q4,28
2022-10-31,2022,10,October,2022Q4,31
2022-11-01,2022,11,November,2022Q4,1
2022-11-02,2022,11,November,2022Q4,2
2022-11-03,2022,11,November,2022Q4,3
2022-11-04,2022,11,November,2022Q4,4
2022-11-07,2022,11,November,2022Q4,7
2022-11-08,2022,11,November,2022Q4,8
2022-11-09,2022,11,November,2022Q4,9
2022-11-10,2022,11,November,2022Q4,10
2022-11-11,2022,11,November,2022Q4,11
2022-11-14,2022,11,November,2022Q4,14
2022-11-15,2022,11,November,2022Q4,15
2022-11-16,2022,11,November,2022Q4,16
2022-11-17,2022,11,November,2022Q4,17
2022-11-18,2022,11,November,2022Q4,18
2022-11-21,2022,11,November,2022Q4,21
2022-11-22,2022,11,November,2022Q4,22
2022-11-23,2022,11,November,2022Q4,23
2022-11-25,2022,11,November,2022Q4,25
2022-11-28,2022,11,November,2022Q4,28
2022-11-29,2022,11,November,2022Q4,29
2022-11-30,2022,11,November,2022Q4,30
2022-12-01,2022,12,December,2022Q4,1
2022-12-02,2022,12,December,2022Q4,2
2022-12-05,2022,12,December,2022Q4,5
2022-12-06,2022,12,December,2022Q4,6
2022-12-07,2022,12,December,2022Q4,7
2022-12-08,2022,12,December,2022Q4,8
2022-12-09,2022,12,December,2022Q4,9
2022-12-12,2022,12,December,2022Q4,12
2022-12-13,2022,12,December,2022Q4,13
2022-12-14,2022,12,December,2022Q4,14
2022-12-15,2022,12,December,2022Q4,15
2022-12-16,2022,12,December,2022Q4,16
2022-12-19,2022,12,December,2022Q4,19
2022-12-20,2022,12,December,2022Q4,20
2022-12-21,2022,12,December,2022Q4,21
2022-12-22,2022,12,December,2022Q4,22
2022-12-23,2022,12,December,2022Q4,23
2022-12-27,2022,12,December,2022Q4,27
2022-12-28,2022,12,December,2022Q4,28
2022-12-29,2022,12,December,2022Q4,29
2022-12-30,2022,12,December,2022Q4,30
2023-01-03,2023,1,January,2023Q1,3
2023-01-04,2023,1,January,2023Q1,4
2023-01-05,2023,1,January,2023Q1,5
2023-01-06,2023,1,January,2023Q1,6
2023-01-09,2023,1,January,2023Q1,9
2023-01-10,2023,1,January,2023Q1,10
2023-01-11,2023,1,January,2023Q1,11
2023-01-12,2023,1,January,2023Q1,12
2023-01-13,2023,1,January,2023Q1,13
2023-01-17,2023,1,January,2023Q1,17
2023-01-18,2023,1,January,2023Q1,18
2023-01-19,2023,1,January,2023Q1,19
2023-01-20,2023,1,January,2023Q1,20
2023-01-23,2023,1,January,2023Q1,23
2023-01-24,2023,1,January,2023Q1,24
2023-01-25,2023,1,January,2023Q1,25
2023-01-26,2023,1,January,2023Q1,26
2023-01-27,2023,1,January,2023Q1,27
2023-01-30,2023,1,January,2023Q1,30
2023-01-31,2023,1,January,2023Q1,31
2023-02-01,2023,2,February,2023Q1,1
2023-02-02,2023,2,February,2023Q1,2
2023-02-03,2023,2,February,2023Q1,3
2023-02-06,2023,2,February,2023Q1,6
2023-02-07,2023,2,February,2023Q1,7
2023-02-08,2023,2,February,2023Q1,8
2023-02-09,2023,2,February,2023Q1,9
2023-02-10,2023,2,February,2023Q1,10
2023-02-13,2023,2,February,2023Q1,13
2023-02-14,2023,2,February,2023Q1,14
2023-02-15,2023,2,February,2023Q1,15
2023-02-16,2023,2,February,2023Q1,16
2023-02-17,2023,2,February,2023Q1,17
2023-02-21,2023,2,February,2023Q1,21
2023-02-22,2023,2,February,2023Q1,22
2023-02-23,2023,2,February,2023Q1,23
2023-02-24,2023,2,February,2023Q1,24
2023-02-27,2023,2,February,2023Q1,27
2023-02-28,2023,2,February,2023Q1,28
2023-03-01,2023,3,March,2023Q1,1
2023-03-02,2023,3,March,2023Q1,2
2023-03-03,2023,3,March,2023Q1,3
2023-03-06,2023,3,March,2023Q1,6
2023-03-07,2023,3,March,2023Q1,7
2023-03-08,2023,3,March,2023Q1,8
2023-03-09,2023,3,March,2023Q1,9
2023-03-10,2023,3,March,2023Q1,10
2023-03-13,2023,3,March,2023Q1,13
2023-03-14,2023,3,March,2023Q1,14
2023-03-15,2023,3,March,2023Q1,15
2023-03-16,2023,3,March,2023Q1,16
2023-03-17,2023,3,March,2023Q1,17
2023-03-20,2023,3,March,2023Q1,20
2023-03-21,2023,3,March,2023Q1,21
2023-03-22,2023,3,March,2023Q1,22
2023-03-23,2023,3,March,2023Q1,23
2023-03-24,2023,3,March,2023Q1,24
2023-03-27,2023,3,March,2023Q1,27
2023-03-28,2023,3,March,2023Q1,28
2023-03-29,2023,3,March,2023Q1,29
2023-03-30,2023,3,March,2023Q1,30
2023-03-31,2023,3,March,2023Q1,31
2023-04-03,2023,4,April,2023Q2,3
2023-04-04,2023,4,April,2023Q2,4
2023-04-05,2023,4,April,2023Q2,5
2023-04-06,2023,4,April,2023Q2,6
2023-04-10,2023,4,April,2023Q2,10
2023-04-11,2023,4,April,2023Q2,11
2023-04-12,2023,4,April,2023Q2,12
2023-04-13,2023,4,April,2023Q2,13
2023-04-14,2023,4,April,2023Q2,14
2023-04-17,2023,4,April,2023Q2,17
2023-04-18,2023,4,April,2023Q2,18
2023-04-19,2023,4,April,2023Q2,19
2023-04-20,2023,4,April,2023Q2,20
2023-04-21,2023,4,April,2023Q2,21
2023-04-24,2023,4,April,2023Q2,24
2023-04-25,2023,4,April,2023Q2,25
2023-04-26,2023,4,April,2023Q2,26
2023-04-27,2023,4,April,2023Q2,27
2023-04-28,2023,4,April,2023Q2,28
2023-05-01,2023,5,May,2023Q2,1
2023-05-02,2023,5,May,2023Q2,2
2023-05-03,2023,5,May,2023Q2,3
2023-05-04,2023,5,May,2023Q2,4
2023-05-05,2023,5,May,2023Q2,5
2023-05-08,2023,5,May,2023Q2,8
2023-05-09,2023,5,May,2023Q2,9
2023-05-10,2023,5,May,2023Q2,10
2023-05-11,2023,5,May,2023Q2,11
2023-05-12,2023,5,May,2023Q2,12
2023-05-15,2023,5,May,2023Q2,15
2023-05-16,2023,5,May,2023Q2,16
2023-05-17,2023,5,May,2023Q2,17
2023-05-18,2023,5,May,2023Q2,18
2023-05-19,2023,5,May,2023Q2,19
2023-05-22,2023,5,May,2023Q2,22
2023-05-23,2023,5,May,2023Q2,23
2023-05-24,2023,5,May,2023Q2,24
2023-05-25,2023,5,May,2023Q2,25
2023-05-26,2023,5,May,2023Q2,26
2023-05-30,2023,5,May,2023Q2,30
2023-05-31,2023,5,May,2023Q2,31
2023-06-01,2023,6,June,2023Q2,1
2023-06-02,2023,6,June,2023Q2,2
2023-06-05,2023,6,June,2023Q2,5
2023-06-06,2023,6,June,2023Q2,6
2023-06-07,2023,6,June,2023Q2,7
2023-06-08,2023,6,June,2023Q2,8
2023-06-09,2023,6,June,2023Q2,9
2023-06-12,2023,6,June,2023Q2,12
2023-06-13,2023,6,June,2023Q2,13
2023-06-14,2023,6,June,2023Q2,14
2023-06-15,2023,6,June,2023Q2,15
2023-06-16,2023,6,June,2023Q2,16
2023-06-20,2023,6,June,2023Q2,20
2023-06-21,2023,6,June,2023Q2,21
2023-06-22,2023,6,June,2023Q2,22
2023-06-23,2023,6,June,2023Q2,23
2023-06-26,2023,6,June,2023Q2,26
2023-06-27,2023,6,June,2023Q2,27
2023-06-28,2023,6,June,2023Q2,28
2023-06-29,2023,6,June,2023Q2,29
2023-06-30,2023,6,June,2023Q2,30
2023-07-03,2023,7,July,2023Q3,3
2023-07-05,2023,7,July,2023Q3,5
2023-07-06,2023,7,July,2023Q3,6
2023-07-07,2023,7,July,2023Q3,7
2023-07-10,2023,7,July,2023Q3,10
2023-07-11,2023,7,July,2023Q3,11
2023-07-12,2023,7,July,2023Q3,12
2023-07-13,2023,7,July,2023Q3,13
2023-07-14,2023,7,July,2023Q3,14
2023-07-17,2023,7,July,2023Q3,17
2023-07-18,2023,7,July,2023Q3,18
2023-07-19,2023,7,July,2023Q3,19
2023-07-20,2023,7,July,2023Q3,20
2023-07-21,2023,7,July,2023Q3,21
2023-07-24,2023,7,July,2023Q3,24
2023-07-25,2023,7,July,2023Q3,25
2023-07-26,2023,7,July,2023Q3,26
2023-07-27,2023,7,July,2023Q3,27
2023-07-28,2023,7,July,2023Q3,28
2023-07-31,2023,7,July,2023Q3,31
2023-08-01,2023,8,August,2023Q3,1
2023-08-02,2023,8,August,2023Q3,2
2023-08-03,2023,8,August,2023Q3,3
2023-08-04,2023,8,August,2023Q3,4
2023-08-07,2023,8,August,2023Q3,7
2023-08-08,2023,8,August,2023Q3,8
2023-08-09,2023,8,August,2023Q3,9
2023-08-10,2023,8,August,2023Q3,10
2023-08-11,2023,8,August,2023Q3,11
2023-08-14,2023,8,August,2023Q3,14
2023-08-15,2023,8,August,2023Q3,15
2023-08-16,2023,8,August,2023Q3,16
2023-08-17,2023,8,August,2023Q3,17
2023-08-18,2023,8,August,2023Q3,18
2023-08-21,2023,8,August,2023Q3,21
2023-08-22,2023,8,August,2023Q3,22
2023-08-23,2023,8,August,2023Q3,23
2023-08-24,2023,8,August,2023Q3,24
2023-08-25,2023,8,August,2023Q3,25
2023-08-28,2023,8,August,2023Q3,28
2023-08-29,2023,8,August,2023Q3,29
2023-08-30,2023,8,August,2023Q3,30
2023-08-31,2023,8,August,2023Q3,31
2023-09-01,2023,9,September,2023Q3,1
2023-09-05,2023,9,September,2023Q3,5
2023-09-06,2023,9,September,2023Q3,6
2023-09-07,2023,9,September,2023Q3,7
2023-09-08,2023,9,September,2023Q3,8
2023-09-11,2023,9,September,2023Q3,11
2023-09-12,2023,9,September,2023Q3,12
2023-09-13,2023,9,September,2023Q3,13
2023-09-14,2023,9,September,2023Q3,14
2023-09-15,2023,9,September,2023Q3,15
2023-09-18,2023,9,September,2023Q3,18
2023-09-19,2023,9,September,2023Q3,19
2023-09-20,2023,9,September,2023Q3,20
2023-09-21,2023,9,September,2023Q3,21
2023-09-22,2023,9,September,2023Q3,22
2023-09-25,2023,9,September,2023Q3,25
2023-09-26,2023,9,September,2023Q3,26
2023-09-27,2023,9,September,2023Q3,27
2023-09-28,2023,9,September,2023Q3,28
2023-09-29,2023,9,September,2023Q3,29
2023-10-02,2023,10,October,2023Q4,2
2023-10-03,2023,10,October,2023Q4,3
2023-10-04,2023,10,October,2023Q4,4
2023-10-05,2023,10,October,2023Q4,5
2023-10-06,2023,10,October,2023Q4,6
2023-10-09,2023,10,October,2023Q4,9
2023-10-10,2023,10,October,2023Q4,10
2023-10-11,2023,10,October,2023Q4,11
2023-10-12,2023,10,October,2023Q4,12
2023-10-13,2023,10,October,2023Q4,13
2023-10-16,2023,10,October,2023Q4,16
2023-10-17,2023,10,October,2023Q4,17
2023-10-18,2023,10,October,2023Q4,18
2023-10-19,2023,10,October,2023Q4,19
2023-10-20,2023,10,October,2023Q4,20
2023-10-23,2023,10,October,2023Q4,23
2023-10-24,2023,10,October,2023Q4,24
2023-10-25,2023,10,October,2023Q4,25
2023-10-26,2023,10,October,2023Q4,26
2023-10-27,2023,10,October,2023Q4,27
2023-10-30,2023,10,October,2023Q4,30
2023-10-31,2023,10,October,2023Q4,31
2023-11-01,2023,11,November,2023Q4,1
2023-11-02,2023,11,November,2023Q4,2
2023-11-03,2023,11,November,2023Q4,3
2023-11-06,2023,11,November,2023Q4,6
2023-11-07,2023,11,November,2023Q4,7
2023-11-08,2023,11,November,2023Q4,8
2023-11-09,2023,11,November,2023Q4,9
2023-11-10,2023,11,November,2023Q4,10
2023-11-13,2023,11,November,2023Q4,13
2023-11-14,2023,11,November,2023Q4,14
2023-11-15,2023,11,November,2023Q4,15
2023-11-16,2023,11,November,2023Q4,16
2023-11-17,2023,11,November,2023Q4,17
2023-11-20,2023,11,November,2023Q4,20
2023-11-21,2023,11,November,2023Q4,21
2023-11-22,2023,11,November,2023Q4,22
2023-11-24,2023,11,November,2023Q4,24
2023-11-27,2023,11,November,2023Q4,27
2023-11-28,2023,11,November,2023Q4,28
2023-11-29,2023,11,November,2023Q4,29
2023-11-30,2023,11,November,2023Q4,30
2023-12-01,2023,12,December,2023Q4,1
2023-12-04,2023,12,December,2023Q4,4
2023-12-05,2023,12,December,2023Q4,5
2023-12-06,2023,12,December,2023Q4,6
2023-12-07,2023,12,December,2023Q4,7
2023-12-08,2023,12,December,2023Q4,8
2023-12-11,2023,12,December,2023Q4,11
2023-12-12,2023,12,December,2023Q4,12
2023-12-13,2023,12,December,2023Q4,13
2023-12-14,2023,12,December,2023Q4,14
2023-12-15,2023,12,December,2023Q4,15
2023-12-18,2023,12,December,2023Q4,18
2023-12-19,2023,12,December,2023Q4,19
2023-12-20,2023,12,December,2023Q4,20
2023-12-21,2023,12,December,2023Q4,21
2023-12-22,2023,12,December,2023Q4,22
2023-12-26,2023,12,December,2023Q4,26
2023-12-27,2023,12,December,2023Q4,27
2023-12-28,2023,12,December,2023Q4,28
2023-12-29,2023,12,December,2023Q4,29
2024-01-02,2024,1,January,2024Q1,2
2024-01-03,2024,1,January,2024Q1,3
2024-01-04,2024,1,January,2024Q1,4
2024-01-05,2024,1,January,2024Q1,5
2024-01-08,2024,1,January,2024Q1,8
2024-01-09,2024,1,January,2024Q1,9
2024-01-10,2024,1,January,2024Q1,10
2024-01-11,2024,1,January,2024Q1,11
2024-01-12,2024,1,January,2024Q1,12
2024-01-16,2024,1,January,2024Q1,16
2024-01-17,2024,1,January,2024Q1,17
2024-01-18,2024,1,January,2024Q1,18
2024-01-19,2024,1,January,2024Q1,19
2024-01-22,2024,1,January,2024Q1,22
2024-01-23,2024,1,January,2024Q1,23
2024-01-24,2024,1,January,2024Q1,24
2024-01-25,2024,1,January,2024Q1,25
2024-01-26,2024,1,January,2024Q1,26
2024-01-29,2024,1,January,2024Q1,29
2024-01-30,2024,1,January,2024Q1,30
2024-01-31,2024,1,January,2024Q1,31
2024-02-01,2024,2,February,2024Q1,1
2024-02-02,2024,2,February,2024Q1,2
2024-02-05,2024,2,February,2024Q1,5
2024-02-06,2024,2,February,2024Q1,6
2024-02-07,2024,2,February,2024Q1,7
2024-02-08,2024,2,February,2024Q1,8
2024-02-09,2024,2,February,2024Q1,9
2024-02-12,2024,2,February,2024Q1,12
2024-02-13,2024,2,February,2024Q1,13
2024-02-14,2024,2,February,2024Q1,14
2024-02-15,2024,2,February,2024Q1,15
2024-02-16,2024,2,February,2024Q1,16
2024-02-20,2024,2,February,2024Q1,20
2024-02-21,2024,2,February,2024Q1,21
2024-02-22,2024,2,February,2024Q1,22
2024-02-23,2024,2,February,2024Q1,23
2024-02-26,2024,2,February,2024Q1,26
2024-02-27,2024,2,February,2024Q1,27
2024-02-28,2024,2,February,2024Q1,28
2024-02-29,2024,2,February,2024Q1,29
2024-03-01,2024,3,March,2024Q1,1
2024-03-04,2024,3,March,2024Q1,4
2024-03-05,2024,3,March,2024Q1,5
2024-03-06,2024,3,March,2024Q1,6
2024-03-07,2024,3,March,2024Q1,7
2024-03-08,2024,3,March,2024Q1,8
2024-03-11,2024,3,March,2024Q1,11
2024-03-12,2024,3,March,2024Q1,12
2024-03-13,2024,3,March,2024Q1,13
2024-03-14,2024,3,March,2024Q1,14
2024-03-15,2024,3,March,2024Q1,15
2024-03-18,2024,3,March,2024Q1,18
2024-03-19,2024,3,March,2024Q1,19
2024-03-20,2024,3,March,2024Q1,20
2024-03-21,2024,3,March,2024Q1,21
2024-03-22,2024,3,March,2024Q1,22
2024-03-25,2024,3,March,2024Q1,25
2024-03-26,2024,3,March,2024Q1,26
2024-03-27,2024,3,March,2024Q1,27
2024-03-28,2024,3,March,2024Q1,28
2024-04-01,2024,4,April,2024Q2,1
2024-04-02,2024,4,April,2024Q2,2
2024-04-03,2024,4,April,2024Q2,3
2024-04-04,2024,4,April,2024Q2,4
2024-04-05,2024,4,April,2024Q2,5
2024-04-08,2024,4,April,2024Q2,8
2024-04-09,2024,4,April,2024Q2,9
2024-04-10,2024,4,April,2024Q2,10
2024-04-11,2024,4,April,2024Q2,11
2024-04-12,2024,4,April,2024Q2,12
2024-04-15,2024,4,April,2024Q2,15
2024-04-16,2024,4,April,2024Q2,16
2024-04-17,2024,4,April,2024Q2,17
2024-04-18,2024,4,April,2024Q2,18
2024-04-19,2024,4,April,2024Q2,19
2024-04-22,2024,4,April,2024Q2,22
2024-04-23,2024,4,April,2024Q2,23
2024-04-24,2024,4,April,2024Q2,24
2024-04-25,2024,4,April,2024Q2,25
2024-04-26,2024,4,April,2024Q2,26
2024-04-29,2024,4,April,2024Q2,29
2024-04-30,2024,4,April,2024Q2,30
2024-05-01,2024,5,May,2024Q2,1
2024-05-02,2024,5,May,2024Q2,2
2024-05-03,2024,5,May,2024Q2,3
2024-05-06,2024,5,May,2024Q2,6
2024-05-07,2024,5,May,2024Q2,7
2024-05-08,2024,5,May,2024Q2,8
2024-05-09,2024,5,May,2024Q2,9
2024-05-10,2024,5,May,2024Q2,10
2024-05-13,2024,5,May,2024Q2,13
2024-05-14,2024,5,May,2024Q2,14
2024-05-15,2024,5,May,2024Q2,15
2024-05-16,2024,5,May,2024Q2,16
2024-05-17,2024,5,May,2024Q2,17
2024-05-20,2024,5,May,2024Q2,20
2024-05-21,2024,5,May,2024Q2,21
2024-05-22,2024,5,May,2024Q2,22
2024-05-23,2024,5,May,2024Q2,23
2024-05-24,2024,5,May,2024Q2,24
2024-05-28,2024,5,May,2024Q2,28
2024-05-29,2024,5,May,2024Q2,29
2024-05-30,2024,5,May,2024Q2,30
2024-05-31,2024,5,May,2024Q2,31
2024-06-03,2024,6,June,2024Q2,3
2024-06-04,2024,6,June,2024Q2,4
2024-06-05,2024,6,June,2024Q2,5
2024-06-06,2024,6,June,2024Q2,6
2024-06-07,2024,6,June,2024Q2,7
2024-06-10,2024,6,June,2024Q2,10
2024-06-11,2024,6,June,2024Q2,11
2024-06-12,2024,6,June,2024Q2,12
2024-06-13,2024,6,June,2024Q2,13
2024-06-14,2024,6,June,2024Q2,14
2024-06-17,2024,6,June,2024Q2,17
2024-06-18,2024,6,June,2024Q2,18
2024-06-20,2024,6,June,2024Q2,20
2024-06-21,2024,6,June,2024Q2,21
2024-06-24,2024,6,June,2024Q2,24
2024-06-25,2024,6,June,2024Q2,25
2024-06-26,2024,6,June,2024Q2,26
2024-06-27,2024,6,June,2024Q2,27
2024-06-28,2024,6,June,2024Q2,28
2024-07-01,2024,7,July,2024Q3,1
2024-07-02,2024,7,July,2024Q3,2
2024-07-03,2024,7,July,2024Q3,3
2024-07-05,2024,7,July,2024Q3,5
2024-07-08,2024,7,July,2024Q3,8
2024-07-09,2024,7,July,2024Q3,9
2024-07-10,2024,7,July,2024Q3,10
2024-07-11,2024,7,July,2024Q3,11
2024-07-12,2024,7,July,2024Q3,12
2024-07-15,2024,7,July,2024Q3,15
2024-07-16,2024,7,July,2024Q3,16
2024-07-17,2024,7,July,2024Q3,17
2024-07-18,2024,7,July,2024Q3,18
2024-07-19,2024,7,July,2024Q3,19
2024-07-22,2024,7,July,2024Q3,22
2024-07-23,2024,7,July,2024Q3,23
2024-07-24,2024,7,July,2024Q3,24
2024-07-25,2024,7,July,2024Q3,25
2024-07-26,2024,7,July,2024Q3,26
2024-07-29,2024,7,July,2024Q3,29
2024-07-30,2024,7,July,2024Q3,30
2024-07-31,2024,7,July,2024Q3,31
2024-08-01,2024,8,August,2024Q3,1
2024-08-02,2024,8,August,2024Q3,2
2024-08-05,2024,8,August,2024Q3,5
2024-08-06,2024,8,August,2024Q3,6
2024-08-07,2024,8,August,2024Q3,7
2024-08-08,2024,8,August,2024Q3,8
2024-08-09,2024,8,August,2024Q3,9
2024-08-12,2024,8,August,2024Q3,12
2024-08-13,2024,8,August,2024Q3,13
2024-08-14,2024,8,August,2024Q3,14
2024-08-15,2024,8,August,2024Q3,15
2024-08-16,2024,8,August,2024Q3,16
2024-08-19,2024,8,August,2024Q3,19
2024-08-20,2024,8,August,2024Q3,20
2024-08-21,2024,8,August,2024Q3,21
2024-08-22,2024,8,August,2024Q3,22
2024-08-23,2024,8,August,2024Q3,23
2024-08-26,2024,8,August,2024Q3,26
2024-08-27,2024,8,August,2024Q3,27
2024-08-28,2024,8,August,2024Q3,28
2024-08-29,2024,8,August,2024Q3,29
2024-08-30,2024,8,August,2024Q3,30
2024-09-03,2024,9,September,2024Q3,3
2024-09-04,2024,9,September,2024Q3,4
2024-09-05,2024,9,September,2024Q3,5
2024-09-06,2024,9,September,2024Q3,6
2024-09-09,2024,9,September,2024Q3,9
2024-09-10,2024,9,September,2024Q3,10
2024-09-11,2024,9,September,2024Q3,11
2024-09-12,2024,9,September,2024Q3,12
2024-09-13,2024,9,September,2024Q3,13
2024-09-16,2024,9,September,2024Q3,16
2024-09-17,2024,9,September,2024Q3,17
2024-09-18,2024,9,September,2024Q3,18
2024-09-19,2024,9,September,2024Q3,19
2024-09-20,2024,9,September,2024Q3,20
2024-09-23,2024,9,September,2024Q3,23
2024-09-24,2024,9,September,2024Q3,24
2024-09-25,2024,9,September,2024Q3,25
2024-09-26,2024,9,September,2024Q3,26
2024-09-27,2024,9,September,2024Q3,27
2024-09-30,2024,9,September,2024Q3,30
2024-10-01,2024,10,October,2024Q4,1
2024-10-02,2024,10,October,2024Q4,2
2024-10-03,2024,10,October,2024Q4,3
2024-10-04,2024,10,October,2024Q4,4
2024-10-07,2024,10,October,2024Q4,7
2024-10-08,2024,10,October,2024Q4,8
2024-10-09,2024,10,October,2024Q4,9
2024-10-10,2024,10,October,2024Q4,10
2024-10-11,2024,10,October,2024Q4,11
2024-10-14,2024,10,October,2024Q4,14
2024-10-15,2024,10,October,2024Q4,15
2024-10-16,2024,10,October,2024Q4,16
2024-10-17,2024,10,October,2024Q4,17
2024-10-18,2024,10,October,2024Q4,18
2024-10-21,2024,10,October,2024Q4,21
2024-10-22,2024,10,October,2024Q4,22
2024-10-23,2024,10,October,2024Q4,23
2024-10-24,2024,10,October,2024Q4,24
2024-10-25,2024,10,October,2024Q4,25
2024-10-28,2024,10,October,2024Q4,28
2024-10-29,2024,10,October,2024Q4,29
2024-10-30,2024,10,October,2024Q4,30
2024-10-31,2024,10,October,2024Q4,31
2024-11-01,2024,11,November,2024Q4,1
2024-11-04,2024,11,November,2024Q4,4
2024-11-05,2024,11,November,2024Q4,5
2024-11-06,2024,11,November,2024Q4,6
2024-11-07,2024,11,November,2024Q4,7
2024-11-08,2024,11,November,2024Q4,8
2024-11-11,2024,11,November,2024Q4,11
2024-11-12,2024,11,November,2024Q4,12
2024-11-13,2024,11,November,2024Q4,13
2024-11-14,2024,11,November,2024Q4,14
2024-11-15,2024,11,November,2024Q4,15
2024-11-18,2024,11,November,2024Q4,18
2024-11-19,2024,11,November,2024Q4,19
2024-11-20,2024,11,November,2024Q4,20
2024-11-21,2024,11,November,2024Q4,21
2024-11-22,2024,11,November,2024Q4,22
2024-11-25,2024,11,November,2024Q4,25
2024-11-26,2024,11,November,2024Q4,26
2024-11-27,2024,11,November,2024Q4,27
2024-11-29,2024,11,November,2024Q4,29
2024-12-02,2024,12,December,2024Q4,2
2024-12-03,2024,12,December,2024Q4,3
2024-12-04,2024,12,December,2024Q4,4
2024-12-05,2024,12,December,2024Q4,5
2024-12-06,2024,12,December,2024Q4,6
2024-12-09,2024,12,December,2024Q4,9
2024-12-10,2024,12,December,2024Q4,10
2024-12-11,2024,12,December,2024Q4,11
2024-12-12,2024,12,December,2024Q4,12
2024-12-13,2024,12,December,2024Q4,13
2024-12-16,2024,12,December,2024Q4,16
2024-12-17,2024,12,December,2024Q4,17
2024-12-18,2024,12,December,2024Q4,18
2024-12-19,2024,12,December,2024Q4,19
2024-12-20,2024,12,December,2024Q4,20
2024-12-23,2024,12,December,2024Q4,23
2024-12-24,2024,12,December,2024Q4,24
2024-12-26,2024,12,December,2024Q4,26
2024-12-27,2024,12,December,2024Q4,27
2024-12-30,2024,12,December,2024Q4,30
2024-12-31,2024,12,December,2024Q4,31
2025-01-02,2025,1,January,2025Q1,2
2025-01-03,2025,1,January,2025Q1,3
2025-01-06,2025,1,January,2025Q1,6
2025-01-07,2025,1,January,2025Q1,7
2025-01-08,2025,1,January,2025Q1,8
2025-01-09,2025,1,January,2025Q1,9
2025-01-10,2025,1,January,2025Q1,10
2025-01-13,2025,1,January,2025Q1,13
2025-01-14,2025,1,January,2025Q1,14
2025-01-15,2025,1,January,2025Q1,15
2025-01-16,2025,1,January,2025Q1,16
2025-01-17,2025,1,January,2025Q1,17
2025-01-21,2025,1,January,2025Q1,21
2025-01-22,2025,1,January,2025Q1,22
2025-01-23,2025,1,January,2025Q1,23
2025-01-24,2025,1,January,2025Q1,24
2025-01-27,2025,1,January,2025Q1,27
2025-01-28,2025,1,January,2025Q1,28
2025-01-29,2025,1,January,2025Q1,29
2025-01-30,2025,1,January,2025Q1,30
2025-01-31,2025,1,January,2025Q1,31
2025-02-03,2025,2,February,2025Q1,3
2025-02-04,2025,2,February,2025Q1,4
2025-02-05,2025,2,February,2025Q1,5
2025-02-06,2025,2,February,2025Q1,6
2025-02-07,2025,2,February,2025Q1,7
2025-02-10,2025,2,February,2025Q1,10
2025-02-11,2025,2,February,2025Q1,11
2025-02-12,2025,2,February,2025Q1,12
2025-02-13,2025,2,February,2025Q1,13
2025-02-14,2025,2,February,2025Q1,14
2025-02-18,2025,2,February,2025Q1,18
2025-02-19,2025,2,February,2025Q1,19
2025-02-20,2025,2,February,2025Q1,20
2025-02-21,2025,2,February,2025Q1,21
2025-02-24,2025,2,February,2025Q1,24
2025-02-25,2025,2,February,2025Q1,25
2025-02-26,2025,2,February,2025Q1,26
2025-02-27,2025,2,February,2025Q1,27
2025-02-28,2025,2,February,2025Q1,28
2025-03-03,2025,3,March,2025Q1,3
2025-03-04,2025,3,March,2025Q1,4
2025-03-05,2025,3,March,2025Q1,5
2025-03-06,2025,3,March,2025Q1,6
2025-03-07,2025,3,March,2025Q1,7
2025-03-10,2025,3,March,2025Q1,10
2025-03-11,2025,3,March,2025Q1,11
2025-03-12,2025,3,March,2025Q1,12
2025-03-13,2025,3,March,2025Q1,13
2025-03-14,2025,3,March,2025Q1,14
2025-03-17,2025,3,March,2025Q1,17
2025-03-18,2025,3,March,2025Q1,18
2025-03-19,2025,3,March,2025Q1,19
2025-03-20,2025,3,March,2025Q1,20
2025-03-21,2025,3,March,2025Q1,21
2025-03-24,2025,3,March,2025Q1,24
2025-03-25,2025,3,March,2025Q1,25
2025-03-26,2025,3,March,2025Q1,26
2025-03-27,2025,3,March,2025Q1,27
2025-03-28,2025,3,March,2025Q1,28
2025-03-31,2025,3,March,2025Q1,31
2025-04-01,2025,4,April,2025Q2,1
2025-04-02,2025,4,April,2025Q2,2
2025-04-03,2025,4,April,2025Q2,3
2025-04-04,2025,4,April,2025Q2,4
2025-04-07,2025,4,April,2025Q2,7
2025-04-08,2025,4,April,2025Q2,8
2025-04-09,2025,4,April,2025Q2,9
2025-04-10,2025,4,April,2025Q2,10
2025-04-11,2025,4,April,2025Q2,11
2025-04-14,2025,4,April,2025Q2,14
2025-04-15,2025,4,April,2025Q2,15
2025-04-16,2025,4,April,2025Q2,16
2025-04-17,2025,4,April,2025Q2,17
2025-04-21,2025,4,April,2025Q2,21
2025-04-22,2025,4,April,2025Q2,22
2025-04-23,2025,4,April,2025Q2,23
2025-04-24,2025,4,April,2025Q2,24
2025-04-25,2025,4,April,2025Q2,25
2025-04-28,2025,4,April,2025Q2,28
2025-04-29,2025,4,April,2025Q2,29
2025-04-30,2025,4,April,2025Q2,30
2025-05-01,2025,5,May,2025Q2,1
2025-05-02,2025,5,May,2025Q2,2
2025-05-05,2025,5,May,2025Q2,5
2025-05-06,2025,5,May,2025Q2,6
2025-05-07,2025,5,May,2025Q2,7
2025-05-08,2025,5,May,2025Q2,8
2025-05-09,2025,5,May,2025Q2,9
2025-05-12,2025,5,May,2025Q2,12
2025-05-13,2025,5,May,2025Q2,13
2025-05-14,2025,5,May,2025Q2,14
2025-05-15,2025,5,May,2025Q2,15
2025-05-16,2025,5,May,2025Q2,16
2025-05-19,2025,5,May,2025Q2,19
2025-05-20,2025,5,May,2025Q2,20
2025-05-21,2025,5,May,2025Q2,21
2025-05-22,2025,5,May,2025Q2,22
2025-05-23,2025,5,May,2025Q2,23
2025-05-27,2025,5,May,2025Q2,27
2025-05-28,2025,5,May,2025Q2,28
2025-05-29,2025,5,May,2025Q2,29
2025-05-30,2025,5,May,2025Q2,30
2025-06-02,2025,6,June,2025Q2,2
2025-06-03,2025,6,June,2025Q2,3
2025-06-04,2025,6,June,2025Q2,4
2025-06-05,2025,6,June,2025Q2,5
2025-06-06,2025,6,June,2025Q2,6
2025-06-09,2025,6,June,2025Q2,9
2025-06-10,2025,6,June,2025Q2,10
2025-06-11,2025,6,June,2025Q2,11
2025-06-12,2025,6,June,2025Q2,12
2025-06-13,2025,6,June,2025Q2,13
2025-06-16,2025,6,June,2025Q2,16
2025-06-17,2025,6,June,2025Q2,17
2025-06-18,2025,6,June,2025Q2,18
2025-06-20,2025,6,June,2025Q2,20
2025-06-23,2025,6,June,2025Q2,23
2025-06-24,2025,6,June,2025Q2,24
2025-06-25,2025,6,June,2025Q2,25
2025-06-26,2025,6,June,2025Q2,26
2025-06-27,2025,6,June,2025Q2,27
2025-06-30,2025,6,June,2025Q2,30
2025-07-01,2025,7,July,2025Q3,1
2025-07-02,2025,7,July,2025Q3,2
2025-07-03,2025,7,July,2025Q3,3
2025-07-04,2025,7,July,2025Q3,4
2025-07-07,2025,7,July,2025Q3,7
2025-07-08,2025,7,July,2025Q3,8
2025-07-09,2025,7,July,2025Q3,9
2025-07-10,2025,7,July,2025Q3,10
2025-07-11,2025,7,July,2025Q3,11
2025-07-14,2025,7,July,2025Q3,14
2025-07-15,2025,7,July,2025Q3,15
2025-07-16,2025,7,July,2025Q3,16
2025-07-17,2025,7,July,2025Q3,17
2025-07-18,2025,7,July,2025Q3,18
2025-07-21,2025,7,July,2025Q3,21
2025-07-22,2025,7,July,2025Q3,22
2025-07-23,2025,7,July,2025Q3,23
2025-07-24,2025,7,July,2025Q3,24
2025-07-25,2025,7,July,2025Q3,25
2025-07-28,2025,7,July,2025Q3,28
2025-07-29,2025,7,July,2025Q3,29
2025-07-30,2025,7,July,2025Q3,30
2025-07-31,2025,7,July,2025Q3,31
2025-08-01,2025,8,August,2025Q3,1
2025-08-04,2025,8,August,2025Q3,4
2025-08-05,2025,8,August,2025Q3,5
2025-08-06,2025,8,August,2025Q3,6
2025-08-07,2025,8,August,2025Q3,7
2025-08-08,2025,8,August,2025Q3,8
2025-08-11,2025,8,August,2025Q3,11
2025-08-12,2025,8,August,2025Q3,12
2025-08-13,2025,8,August,2025Q3,13
2025-08-14,2025,8,August,2025Q3,14
2025-08-15,2025,8,August,2025Q3,15
2025-08-18,2025,8,August,2025Q3,18
2025-08-19,2025,8,August,2025Q3,19
2025-08-20,2025,8,August,2025Q3,20
2025-08-21,2025,8,August,2025Q3,21
2025-08-22,2025,8,August,2025Q3,22
2025-08-25,2025,8,August,2025Q3,25
2025-08-26,2025,8,August,2025Q3,26
2025-08-27,2025,8,August,2025Q3,27
2025-08-28,2025,8,August,2025Q3,28
2025-08-29,2025,8,August,2025Q3,29
2025-09-02,2025,9,September,2025Q3,2
2025-09-03,2025,9,September,2025Q3,3
2025-09-04,2025,9,September,2025Q3,4
2025-09-05,2025,9,September,2025Q3,5
2025-09-08,2025,9,September,2025Q3,8
2025-09-09,2025,9,September,2025Q3,9
2025-09-10,2025,9,September,2025Q3,10
2025-09-11,2025,9,September,2025Q3,11
2025-09-12,2025,9,September,2025Q3,12
2025-09-15,2025,9,September,2025Q3,15
2025-09-16,2025,9,September,2025Q3,16
2025-09-17,2025,9,September,2025Q3,17
2025-09-18,2025,9,September,2025Q3,18
2025-09-19,2025,9,September,2025Q3,19
2025-09-22,2025,9,September,2025Q3,22
2025-09-23,2025,9,September,2025Q3,23
2025-09-24,2025,9,September,2025Q3,24
2025-09-25,2025,9,September,2025Q3,25
2025-09-26,2025,9,September,2025Q3,26
2025-09-29,2025,9,September,2025Q3,29
2025-09-30,2025,9,September,2025Q3,30
2025-10-01,2025,10,October,2025Q4,1
2025-10-02,2025,10,October,2025Q4,2
2025-10-03,2025,10,October,2025Q4,3
2025-10-06,2025,10,October,2025Q4,6
2025-10-07,2025,10,October,2025Q4,7
2025-10-08,2025,10,October,2025Q4,8
2025-10-09,2025,10,October,2025Q4,9
2025-10-10,2025,10,October,2025Q4,10
2025-10-13,2025,10,October,2025Q4,13
2025-10-14,2025,10,October,2025Q4,14
2025-10-15,2025,10,October,2025Q4,15
2025-10-16,2025,10,October,2025Q4,16
2025-10-17,2025,10,October,2025Q4,17
2025-10-20,2025,10,October,2025Q4,20
2025-10-21,2025,10,October,2025Q4,21
2025-10-22,2025,10,October,2025Q4,22
2025-10-23,2025,10,October,2025Q4,23
2025-10-24,2025,10,October,2025Q4,24
2025-10-27,2025,10,October,2025Q4,27
2025-10-28,2025,10,October,2025Q4,28
2025-10-29,2025,10,October,2025Q4,29
2025-10-30,2025,10,October,2025Q4,30
2025-10-31,2025,10,October,2025Q4,31
2025-11-03,2025,11,November,2025Q4,3
2025-11-04,2025,11,November,2025Q4,4
2025-11-05,2025,11,November,2025Q4,5
2025-11-06,2025,11,November,2025Q4,6
2025-11-07,2025,11,November,2025Q4,7
2025-11-10,2025,11,November,2025Q4,10
2025-11-11,2025,11,November,2025Q4,11
2025-11-12,2025,11,November,2025Q4,12
2025-11-13,2025,11,November,2025Q4,13
2025-11-14,2025,11,November,2025Q4,14
2025-11-17,2025,11,November,2025Q4,17
2025-11-18,2025,11,November,2025Q4,18
2025-11-19,2025,11,November,2025Q4,19
2025-11-20,2025,11,November,2025Q4,20
2025-11-21,2025,11,November,2025Q4,21
2025-11-24,2025,11,November,2025Q4,24
2025-11-25,2025,11,November,2025Q4,25
2025-11-26,2025,11,November,2025Q4,26
2025-11-28,2025,11,November,2025Q4,28
2025-12-01,2025,12,December,2025Q4,1
2025-12-02,2025,12,December,2025Q4,2
2025-12-03,2025,12,December,2025Q4,3
2025-12-04,2025,12,December,2025Q4,4
2025-12-05,2025,12,December,2025Q4,5
2025-12-08,2025,12,December,2025Q4,8
2025-12-09,2025,12,December,2025Q4,9
2025-12-10,2025,12,December,2025Q4,10
2025-12-11,2025,12,December,2025Q4,11
2025-12-12,2025,12,December,2025Q4,12
2025-12-15,2025,12,December,2025Q4,15
2025-12-16,2025,12,December,2025Q4,16
2025-12-17,2025,12,December,2025Q4,17
2025-12-18,2025,12,December,2025Q4,18
2025-12-19,2025,12,December,2025Q4,19
2025-12-22,2025,12,December,2025Q4,22
2025-12-23,2025,12,December,2025Q4,23
2025-12-24,2025,12,December,2025Q4,24
2025-12-26,2025,12,December,2025Q4,26
2025-12-29,2025,12,December,2025Q4,29
2025-12-30,2025,12,December,2025Q4,30
2025-12-31,2025,12,December,2025Q4,31
2026-01-02,2026,1,January,2026Q1,2
2026-01-05,2026,1,January,2026Q1,5
2026-01-06,2026,1,January,2026Q1,6
2026-01-07,2026,1,January,2026Q1,7
2026-01-08,2026,1,January,2026Q1,8
2026-01-09,2026,1,January,2026Q1,9
2026-01-12,2026,1,January,2026Q1,12
2026-01-13,2026,1,January,2026Q1,13
2026-01-14,2026,1,January,2026Q1,14
2026-01-15,2026,1,January,2026Q1,15
2026-01-16,2026,1,January,2026Q1,16
2026-01-20,2026,1,January,2026Q1,20
2026-01-21,2026,1,January,2026Q1,21
2026-01-22,2026,1,January,2026Q1,22
2026-01-23,2026,1,January,2026Q1,23
2026-01-26,2026,1,January,2026Q1,26
2026-01-27,2026,1,January,2026Q1,27
2026-01-28,2026,1,January,2026Q1,28
2026-01-29,2026,1,January,2026Q1,29
2026-01-30,2026,1,January,2026Q1,30
